{"cameraMode":{"drawMode":0,"name":"Shaded","section":"Shading Mode"},"sceneLighting":false,"audioPlay":false,"sceneViewState":{"m_AlwaysRefresh":false,"showFog":true,"showSkybox":true,"showFlares":true,"showImageEffects":true,"showParticleSystems":true,"showVisualEffectGraphs":true,"m_FxEnabled":true},"in2DMode":false,"pivot":{"x":-0.003000020980834961,"y":0.024000003933906556,"z":-0.2241249829530716},"rotation":{"x":-0.09549520909786225,"y":-0.08589323610067368,"z":-0.008271243423223496,"w":0.991683304309845},"size":0.9058939814567566,"orthographic":false}