{"cameraMode":{"drawMode":0,"name":"Shaded","section":"Shading Mode"},"sceneLighting":false,"audioPlay":false,"sceneViewState":{"m_AlwaysRefresh":false,"showFog":true,"showSkybox":true,"showFlares":true,"showImageEffects":true,"showParticleSystems":true,"showVisualEffectGraphs":true,"m_FxEnabled":true},"in2DMode":false,"pivot":{"x":20.236530303955079,"y":2.308518886566162,"z":26.41847038269043},"rotation":{"x":0.24227876961231233,"y":0.5739758610725403,"z":-0.18284696340560914,"w":0.7605388760566711},"size":102.23213195800781,"orthographic":false}